Courier Partner,Couriers,Mode,Min weight,Max weight,Zone A,Zone B,Zone C,Zone D,Zone E,Zone F,COD Amount,COD Percentage,DPH Divisor 
Delhivery,Delhivery Surface,FWD,0,500,32.5,35.75,40.3,45.5,53.3,61.1,30,2,65
Delhivery,Delhivery Surface,RTO,0,500,22.1,26,26,28.6,33.8,39,30,2,65
Delhivery,Delhivery Surface,DTO,0,500,48.1,53.3,59.8,67.6,79.3,91,30,2,65
Delhivery,Delhivery Surface,FWD,+,500,28.6,33.8,35.1,39,44.2,52,30,2,65
Delhivery,Delhivery Surface,RTO,+,500,22.1,26,26,28.6,33.8,39,30,2,65
Delhivery,Delhivery Surface,DTO,+,500,42.9,50.7,52,58.5,66.3,78,30,2,65
Delhivery,Delhivery Express,FWD,0,500,33.8,37.05,54.6,64.35,87.1,91,30,2,65
Delhivery,Delhivery Express,RTO,0,500,29.9,33.8,44.2,53.3,70.2,74.1,30,2,65
Delhivery,Delhivery Express,DTO,0,500,49.4,54.6,80.6,94.9,130,135.2,30,2,65
Delhivery,Delhivery Express,FWD,+,500,29.9,35.1,50.7,58.5,79.3,81.9,30,2,65
Delhivery,Delhivery Express,RTO,+,500,29.9,33.8,44.2,53.3,70.2,74.1,30,2,65
Delhivery,Delhivery Express,DTO,+,500,44.2,52,75.4,87.1,118.3,118.3,30,2,65
Bluedart,Bluedart Air Express,FWD,0,500,75.92,103.246,124.501,154.869,173.082,173.082,45.5,2,0
Bluedart,Bluedart Air Express,RTO,0,500,75.92,103.246,124.501,154.869,173.082,173.082,45.5,2,0
Bluedart,Bluedart Air Express,DTO,0,500,166.92,194.246,215.501,245.869,264.082,264.082,45.5,2,0
Bluedart,Bluedart Air Express,FWD,+,500,75.92,103.246,124.501,154.869,173.082,173.082,45.5,2,0
Bluedart,Bluedart Air Express,RTO,+,500,75.92,103.246,124.501,154.869,173.082,173.082,45.5,2,0
Bluedart,Bluedart Air Express,DTO,+,500,166.92,194.246,215.501,245.869,264.082,264.082,45.5,2,0
Bluedart,Bluedart Surface Express,FWD,0,500,63.297,74.308,90.818,101.829,110.084,110.084,45.5,2,0
Bluedart,Bluedart Surface Express,RTO,0,500,63.297,74.308,90.818,101.829,110.084,110.084,45.5,2,0
Bluedart,Bluedart Surface Express,DTO,0,500,154.297,165.308,181.818,192.829,201.084,201.084,45.5,2,0
Bluedart,Bluedart Surface Express,FWD,+,500,63.297,74.308,90.818,101.829,110.084,110.084,45.5,2,0
Bluedart,Bluedart Surface Express,RTO,+,500,63.297,74.308,90.818,101.829,110.084,110.084,45.5,2,0
Bluedart,Bluedart Surface Express,DTO,+,500,154.297,165.308,181.818,192.829,201.084,201.084,45.5,2,0
E-Kart,E-Kart EXPRESS,FWD,0,500,84.5,84.5,109.2,109.2,109.2,109.2,0,0,0
E-Kart,E-Kart EXPRESS,RTO,0,500,0,0,0,0,0,0,0,0,0
E-Kart,E-Kart EXPRESS,DTO,0,500,85.8,88.4,100.1,107.9,167.7,167.7,0,0,0
E-Kart,E-Kart EXPRESS,FWD,+,500,39,39,39,39,39,39,0,0,0
E-Kart,E-Kart EXPRESS,RTO,+,500,0,0,0,0,0,0,0,0,0
E-Kart,E-Kart EXPRESS,DTO,+,500,31.2,35.1,42.9,50.7,71.5,71.5,0,0,0
E-Kart,E-Kart SURFACE,FWD,0,500,76.7,76.7,76.7,76.7,76.7,76.7,0,0,0
E-Kart,E-Kart SURFACE,RTO,0,500,0,0,0,0,0,0,0,0,0
E-Kart,E-Kart SURFACE,DTO,0,500,99.71,99.71,99.71,99.71,99.71,99.71,0,0,0
E-Kart,E-Kart SURFACE,FWD,501,1000,88.4,88.4,88.4,88.4,88.4,88.4,0,0,0
E-Kart,E-Kart SURFACE,RTO,501,1000,0,0,0,0,0,0,0,0,0
E-Kart,E-Kart SURFACE,DTO,501,1000,114.92,114.92,114.92,114.92,114.92,114.92,0,0,0
E-Kart,E-Kart SURFACE,FWD,1001,2000,104,104,104,104,104,104,0,0,0
E-Kart,E-Kart SURFACE,RTO,1001,2000,0,0,0,0,0,0,0,0,0
E-Kart,E-Kart SURFACE,DTO,1001,2000,135.2,135.2,135.2,135.2,135.2,135.2,0,0,0
Shadowfax,Shadowfax Surface 500 G,FWD,0,2000,50.7,63.7,76.7,76.7,89.7,89.7,0,0,0
Shadowfax,Shadowfax Surface 500 G,RTO,0,2000,0,0,0,0,0,0,0,0,0
Shadowfax,Shadowfax Surface 500 G,DTO,0,2000,65.91,82.81,99.71,99.71,116.61,116.61,0,0,0
Shadowfax,Shadowfax Surface 2 KG,FWD,0,5000,63.7,89.7,128.7,128.7,180.7,180.7,0,0,0
Shadowfax,Shadowfax Surface 2 KG,RTO,0,5000,0,0,0,0,0,0,0,0,0
Shadowfax,Shadowfax Surface 2 KG,DTO,0,5000,82.81,116.61,167.31,167.31,234.91,234.91,0,0,0
Shadowfax,Shadowfax Surface 5 KG,FWD,0,10000,102.7,141.7,193.7,193.7,245.7,245.7,0,0,0
Shadowfax,Shadowfax Surface 5 KG,RTO,0,10000,0,0,0,0,0,0,0,0,0
Shadowfax,Shadowfax Surface 5 KG,DTO,0,10000,133.51,184.21,251.81,251.81,319.41,319.41,0,0,0
Shadowfax,Shadowfax Surface 5 KG,FWD,+,1000,11.7,11.7,11.7,11.7,11.7,11.7,0,0,0
Shadowfax,Shadowfax Surface 5 KG,RTO,+,1000,0,0,0,0,0,0,0,0,0
Shadowfax,Shadowfax Surface 5 KG,DTO,+,1000,15.21,15.21,15.21,15.21,15.21,15.21,0,0,0
Xpressbees,Surface Xpressbees 0.5 K.G,FWD,0,500,37.7,39,45.5,50.7,67.6,67.6,30,2,0
Xpressbees,Surface Xpressbees 0.5 K.G,RTO,0,500,31.2,33.8,39,44.2,61.1,61.1,30,2,0
Xpressbees,Surface Xpressbees 0.5 K.G,DTO,0,500,46.8,49.4,57.2,63.7,87.1,87.1,35.49,2,0
Xpressbees,Surface Xpressbees 0.5 K.G,FWD,+,500,27.3,29.9,36.4,39,58.5,58.5,27.3,2,0
Xpressbees,Surface Xpressbees 0.5 K.G,RTO,+,500,31.2,33.8,39,44.2,61.1,61.1,27.3,2,0
Xpressbees,Surface Xpressbees 0.5 K.G,DTO,+,500,33.8,36.4,45.5,49.4,74.1,74.1,35.49,2,0
Xpressbees,Air Xpressbees 0.5 K.G,FWD,0,500,50.7,62.4,92.3,97.5,119.6,119.6,27.3,2,0
Xpressbees,Air Xpressbees 0.5 K.G,RTO,0,500,37.7,39,58.5,62.4,81.9,81.9,27.3,2,0
Xpressbees,Air Xpressbees 0.5 K.G,DTO,0,500,62.4,75.4,102.7,107.9,132.6,132.6,27.3,2,0
Xpressbees,Air Xpressbees 0.5 K.G,FWD,+,500,49.4,59.8,80.6,84.5,104,104,27.3,2,0
Xpressbees,Air Xpressbees 0.5 K.G,RTO,+,500,46.8,57.2,78,81.9,101.4,101.4,27.3,2,0
Xpressbees,Air Xpressbees 0.5 K.G,DTO,+,500,59.8,72.8,100.1,105.3,130,130,35.49,2,0
Xpressbees,Express Reverse,FWD,0,500,61.1,75.4,102.7,107.9,132.6,132.6,65,2.34,0
Xpressbees,Express Reverse,RTO,0,500,35.1,48.1,74.1,79.3,104,6.5,65,2.34,0
Xpressbees,Express Reverse,DTO,0,500,78,94.9,131.3,137.8,170.3,170.3,65,2.34,0
Xpressbees,Express Reverse,FWD,+,500,59.8,72.8,100.1,105.3,130,130,65,2.34,0
Xpressbees,Express Reverse,RTO,+,500,59.8,72.8,100.1,105.3,130,130,65,2.34,0
Xpressbees,Express Reverse,DTO,+,500,75.4,92.3,128.7,135.2,166.4,166.4,65,2.34,0
Xpressbees,Xpressbees 1 K.G,FWD,0,1000,71.5,76.7,102.7,113.1,135.2,135.2,41.6,2.34,0
Xpressbees,Xpressbees 1 K.G,RTO,0,1000,68.9,75.4,100.1,111.8,132.6,132.6,41.6,2.34,0
Xpressbees,Xpressbees 1 K.G,DTO,0,1000,91,98.8,131.3,145.6,174.2,174.2,41.6,2.34,0
Xpressbees,Xpressbees 1 K.G,FWD,+,1000,66.3,68.9,94.9,105.3,122.2,122.2,41.6,2.34,0
Xpressbees,Xpressbees 1 K.G,RTO,+,1000,66.3,68.9,94.9,105.3,122.2,122.2,41.6,2.34,0
Xpressbees,Xpressbees 1 K.G,DTO,+,1000,83.2,88.4,120.9,135.2,157.3,157.3,41.6,2.34,0
Xpressbees,Xpressbees 2 K.G,FWD,0,2000,93.6,104,117,126.1,154.7,154.7,30,2,0
Xpressbees,Xpressbees 2 K.G,RTO,0,2000,81.9,91,104,111.8,137.8,137.8,30,2,0
Xpressbees,Xpressbees 2 K.G,DTO,0,2000,119.6,132.6,149.5,161.2,198.9,198.9,30,2,0
Xpressbees,Xpressbees 2 K.G,FWD,+,1000,28.6,31.2,37.7,44.2,48.1,48.1,30,2,0
Xpressbees,Xpressbees 2 K.G,RTO,+,1000,28.6,31.2,37.7,44.2,48.1,48.1,30,2,0
Xpressbees,Xpressbees 2 K.G,DTO,+,1000,35.1,39,46.8,54.6,61.1,61.1,30,2,0
Xpressbees,Xpressbees 5 K.G,FWD,0,5000,210.6,236.6,262.6,288.6,321.1,321.1,30,2,0
Xpressbees,Xpressbees 5 K.G,RTO,0,5000,188.5,211.9,234,258.7,287.3,287.3,30,2,0
Xpressbees,Xpressbees 5 K.G,DTO,0,5000,271.7,305.5,339.3,373.1,414.7,414.7,30,2,0
Xpressbees,Xpressbees 5 K.G,FWD,+,1000,27.3,31.2,36.4,42.9,46.8,46.8,30,2,0
Xpressbees,Xpressbees 5 K.G,RTO,+,1000,27.3,31.2,36.4,42.9,46.8,46.8,30,2,0
Xpressbees,Xpressbees 5 K.G,DTO,+,1000,33.8,37.7,45.5,53.3,59.8,59.8,30,2,0
Xpressbees,Xpressbees 10 K.G,FWD,0,10000,301.6,340.6,392.6,418.6,464.1,464.1,30,2,0
Xpressbees,Xpressbees 10 K.G,RTO,0,10000,270.4,305.5,351,375.7,416,416,30,2,0
Xpressbees,Xpressbees 10 K.G,DTO,0,10000,390,440.7,508.3,542.1,600.6,600.6,30,2,0
Xpressbees,Xpressbees 10 K.G,FWD,+,1000,26,28.6,35.1,40.3,45.5,45.5,30,2,0
Xpressbees,Xpressbees 10 K.G,RTO,+,1000,26,28.6,35.1,40.3,45.5,45.5,30,2,0
Xpressbees,Xpressbees 10 K.G,DTO,+,1000,32.5,35.1,44.2,50.7,57.2,57.2,30,2,0
Shree-Maruti,Shree-Maruti Surface,FWD,0,500,22.1,26,31.2,35.1,54.6,54.6,32.5,2,0
Shree-Maruti,Shree-Maruti Surface,RTO,0,500,19.89,23.4,28.08,31.59,49.14,49.14,32.5,2,0
Shree-Maruti,Shree-Maruti Surface,FWD,501,1000,40.3,46.8,58.5,66.3,96.2,96.2,32.5,2,0
Shree-Maruti,Shree-Maruti Surface,RTO,501,1000,36.27,42.12,52.65,59.67,86.58,86.58,32.5,2,0
Shree-Maruti,Shree-Maruti Surface,FWD,1001,1500,54.6,61.1,79.3,89.7,127.4,127.4,32.5,2,0
Shree-Maruti,Shree-Maruti Surface,RTO,1001,1500,49.14,54.99,71.37,80.73,114.66,114.66,32.5,2,0
Shree-Maruti,Shree-Maruti Surface,FWD,1501,2000,61.1,70.2,93.6,107.9,158.6,158.6,32.5,2,0
Shree-Maruti,Shree-Maruti Surface,RTO,1501,2000,54.99,63.18,84.24,97.11,142.74,142.74,32.5,2,0
Shree-Maruti,Shree-Maruti Surface,FWD,2001,3000,75.4,93.6,119.6,143,202.8,202.8,32.5,2,0
Shree-Maruti,Shree-Maruti Surface,RTO,2001,3000,67.86,84.24,107.64,128.7,182.52,182.52,32.5,2,0
Shree-Maruti,Shree-Maruti Surface,FWD,3001,4000,93.6,115.7,144.3,176.8,243.1,243.1,32.5,2,0
Shree-Maruti,Shree-Maruti Surface,RTO,3001,4000,84.24,104.13,129.87,159.12,218.79,218.79,32.5,2,0
Shree-Maruti,Shree-Maruti Surface,FWD,4001,5000,105.3,136.5,163.8,198.9,278.2,278.2,32.5,2,0
Shree-Maruti,Shree-Maruti Surface,RTO,4001,5000,94.77,122.85,147.42,179.01,250.38,250.38,32.5,2,0
Shree-Maruti,Shree-Maruti Surface,FWD,5001,6000,107.77,141.05,169.52,203.71,290.68,290.68,32.5,2,0
Shree-Maruti,Shree-Maruti Surface,RTO,5001,6000,96.993,126.945,152.568,183.339,261.612,261.612,32.5,2,0
Shree-Maruti,Shree-Maruti Surface,FWD,6001,7000,120.77,159.25,191.62,228.41,330.98,330.98,32.5,2,0
Shree-Maruti,Shree-Maruti Surface,RTO,6001,7000,108.693,143.325,172.458,205.569,297.882,297.882,32.5,2,0
Shree-Maruti,Shree-Maruti Surface,FWD,7001,8000,133.77,177.45,213.72,253.11,371.28,371.28,32.5,2,0
Shree-Maruti,Shree-Maruti Surface,RTO,7001,8000,120.393,159.705,192.348,227.799,334.152,334.152,32.5,2,0
Shree-Maruti,Shree-Maruti Surface,FWD,8001,9000,146.77,195.65,235.82,277.81,411.58,411.58,32.5,2,0
Shree-Maruti,Shree-Maruti Surface,RTO,8001,9000,132.093,176.085,212.238,250.029,370.422,370.422,32.5,2,0
Shree-Maruti,Shree-Maruti Surface,FWD,9001,10000,159.77,213.85,257.92,302.51,451.88,451.88,32.5,2,0
Shree-Maruti,Shree-Maruti Surface,RTO,9001,10000,143.793,192.465,232.128,272.259,406.692,406.692,32.5,2,0
Shree-Maruti,Shree-Maruti Air,FWD,0,500,0,32.5,49.4,55.9,75.4,75.4,32.5,2,0
Shree-Maruti,Shree-Maruti Air,RTO,0,500,0,29.25,44.46,50.31,67.86,67.86,32.5,2,0
Shree-Maruti,Shree-Maruti Air,FWD,501,1000,0,57.2,92.3,102.7,135.2,135.2,32.5,2,0
Shree-Maruti,Shree-Maruti Air,RTO,501,1000,0,45.76,73.84,82.16,108.16,108.16,32.5,2,0
Shree-Maruti,Shree-Maruti Air,FWD,1001,1500,0,101.4,135.2,153.4,215.8,215.8,32.5,2,0
Shree-Maruti,Shree-Maruti Air,RTO,1001,1500,0,81.12,108.16,122.72,172.64,172.64,32.5,2,0
Shree-Maruti,Shree-Maruti Air,FWD,1501,2000,0,135.2,174.2,202.8,270.4,270.4,32.5,2,0
Shree-Maruti,Shree-Maruti Air,RTO,1501,2000,0,121.68,156.78,182.52,243.36,243.36,32.5,2,0
Shree-Maruti,Shree-Maruti Air,FWD,2001,3000,0,169,473.2,252.2,325,325,32.5,2,0
Shree-Maruti,Shree-Maruti Air,RTO,2001,3000,0,152.1,425.88,226.98,292.5,292.5,32.5,2,0
Shree-Maruti,Shree-Maruti Air,FWD,3001,4000,0,202.8,512.2,301.6,379.6,379.6,32.5,2,0
Shree-Maruti,Shree-Maruti Air,RTO,3001,4000,0,182.52,460.98,271.44,341.64,341.64,32.5,2,0
Shree-Maruti,Shree-Maruti Air,FWD,4001,5000,0,236.6,551.2,351,434.2,434.2,32.5,2,0
Shree-Maruti,Shree-Maruti Air,RTO,4001,5000,0,212.94,496.08,315.9,390.78,390.78,32.5,2,0
Shree-Maruti,Shree-Maruti Air,FWD,5001,6000,0,270.4,590.2,400.4,488.8,488.8,32.5,2,0
Shree-Maruti,Shree-Maruti Air,RTO,5001,6000,0,243.36,531.18,360.36,439.92,439.92,32.5,2,0
Shree-Maruti,Shree-Maruti Air,FWD,6001,7000,0,304.2,629.2,449.8,543.4,543.4,32.5,2,0
Shree-Maruti,Shree-Maruti Air,RTO,6001,7000,0,273.78,566.28,404.82,489.06,489.06,32.5,2,0
Shree-Maruti,Shree-Maruti Air,FWD,7001,8000,0,338,668.2,499.2,598,598,32.5,2,0
Shree-Maruti,Shree-Maruti Air,RTO,7001,8000,0,304.2,601.38,449.28,538.2,538.2,32.5,2,0
Shree-Maruti,Shree-Maruti Air,FWD,8001,9000,0,371.8,707.2,548.6,652.6,652.6,32.5,2,0
Shree-Maruti,Shree-Maruti Air,RTO,8001,9000,0,334.62,636.48,493.74,587.34,587.34,32.5,2,0
Shree-Maruti,Shree-Maruti Air,FWD,9001,10000,0,405.6,746.2,598,707.2,707.2,32.5,2,0
Shree-Maruti,Shree-Maruti Air,RTO,9001,10000,0,365.04,671.58,538.2,636.48,636.48,32.5,2,0
Amazon,Amazon Shipping Standard,FWD,0,500,28.6,31.2,36.4,39,59.8,59.8,30,2,0
Amazon,Amazon Shipping Standard,RTO,0,500,26,28.6,32.5,35.1,53.3,53.3,30,2,0
Amazon,Amazon Shipping Standard,FWD,501,1000,48.1,53.3,61.1,66.3,88.4,88.4,30,2,0
Amazon,Amazon Shipping Standard,RTO,501,1000,42.9,48.1,54.6,59.8,79.3,79.3,30,2,0
Amazon,Amazon Shipping Standard,FWD,1001,1500,67.6,75.4,85.8,93.6,117,117,30,2,0
Amazon,Amazon Shipping Standard,RTO,1001,1500,61.1,67.6,76.7,84.5,105.3,105.3,30,2,0
Amazon,Amazon Shipping Standard,FWD,1501,2000,87.1,97.5,110.5,120.9,145.6,145.6,30,2,0
Amazon,Amazon Shipping Standard,RTO,1501,2000,78,88.4,100.1,109.2,131.3,131.3,30,2,0
Amazon,Amazon Shipping Standard,FWD,2001,2500,106.6,119.6,135.2,148.2,174.2,174.2,30,2,0
Amazon,Amazon Shipping Standard,RTO,2001,2500,96.2,107.9,122.2,133.9,157.3,157.3,30,2,0
Amazon,Amazon Shipping Standard,FWD,2501,3000,126.1,141.7,159.9,175.5,202.8,202.8,30,2,0
Amazon,Amazon Shipping Standard,RTO,2501,3000,113.1,127.4,144.3,158.6,182,182,30,2,0
Amazon,Amazon Shipping Standard,FWD,3001,3500,145.6,163.8,184.6,202.8,231.4,231.4,30,2,0
Amazon,Amazon Shipping Standard,RTO,3001,3500,131.3,146.9,166.4,182,208,208,30,2,0
Amazon,Amazon Shipping Standard,FWD,3501,4000,165.1,185.9,209.3,230.1,260,260,30,2,0
Amazon,Amazon Shipping Standard,RTO,3501,4000,148.2,167.7,188.5,206.7,234,234,30,2,0
Amazon,Amazon Shipping Standard,FWD,4001,4500,184.6,208,234,257.4,288.6,288.6,30,2,0
Amazon,Amazon Shipping Standard,RTO,4001,4500,166.4,187.2,210.6,231.4,260,260,30,2,0
Amazon,Amazon Shipping Standard,FWD,4501,5000,204.1,230.1,258.7,284.7,317.2,317.2,30,2,0
Amazon,Amazon Shipping Standard,RTO,4501,5000,183.3,206.7,232.7,256.1,286,286,30,2,0
Amazon,Amazon Shipping Standard,FWD,5001,5500,222.3,250.9,284.7,310.7,345.8,345.8,30,2,0
Amazon,Amazon Shipping Standard,RTO,5001,5500,200.2,226.2,256.1,279.5,310.7,310.7,30,2,0
Amazon,Amazon Shipping Standard,FWD,5501,6000,222.3,250.9,284.7,310.7,345.8,345.8,30,2,0
Amazon,Amazon Shipping Standard,RTO,5501,6000,200.2,226.2,256.1,279.5,310.7,310.7,30,2,0
Amazon,Amazon Shipping Standard,FWD,6001,6500,240.5,271.7,310.7,336.7,374.4,374.4,30,2,0
Amazon,Amazon Shipping Standard,RTO,6001,6500,217.1,244.4,279.5,302.9,336.7,336.7,30,2,0
Amazon,Amazon Shipping Standard,FWD,6501,7000,240.5,271.7,310.7,336.7,374.4,374.4,30,2,0
Amazon,Amazon Shipping Standard,RTO,6501,7000,217.1,244.4,279.5,302.9,336.7,336.7,30,2,0
Amazon,Amazon Shipping Standard,FWD,7001,7500,258.7,292.5,336.7,362.7,403,403,30,2,0
Amazon,Amazon Shipping Standard,RTO,7001,7500,232.7,263.9,302.9,326.3,362.7,362.7,30,2,0
Amazon,Amazon Shipping Standard,FWD,7501,8000,258.7,292.5,336.7,362.7,403,403,30,2,0
Amazon,Amazon Shipping Standard,RTO,7501,8000,232.7,263.9,302.9,326.3,362.7,362.7,30,2,0
Amazon,Amazon Shipping Standard,FWD,8001,8500,276.9,313.3,362.7,388.7,431.6,431.6,30,2,0
Amazon,Amazon Shipping Standard,RTO,8001,8500,249.6,282.1,326.3,349.7,388.7,388.7,30,2,0
Amazon,Amazon Shipping Standard,FWD,8501,9000,276.9,313.3,362.7,388.7,431.6,431.6,30,2,0
Amazon,Amazon Shipping Standard,RTO,8501,9000,249.6,282.1,326.3,349.7,388.7,388.7,30,2,0
Amazon,Amazon Shipping Standard,FWD,9001,9500,295.1,334.1,388.7,414.7,460.2,460.2,30,2,0
Amazon,Amazon Shipping Standard,RTO,9001,9500,265.2,300.3,349.7,373.1,414.7,414.7,30,2,0
Amazon,Amazon Shipping Standard,FWD,9501,10000,295.1,334.1,388.7,414.7,460.2,460.2,30,2,0
Amazon,Amazon Shipping Standard,RTO,9501,10000,265.2,300.3,349.7,373.1,414.7,414.7,30,2,0
Amazon,Amazon Shipping Standard,FWD,10001,10500,313.3,354.9,414.7,440.7,488.8,488.8,30,2,0
Amazon,Amazon Shipping Standard,RTO,10001,10500,282.1,319.8,373.1,396.5,439.4,439.4,30,2,0
Amazon,Amazon Shipping Standard,FWD,10501,11000,313.3,354.9,414.7,440.7,488.8,488.8,30,2,0
Amazon,Amazon Shipping Standard,RTO,10501,11000,282.1,319.8,373.1,396.5,439.4,439.4,30,2,0
Amazon,Amazon Shipping Standard,FWD,11001,11500,331.5,375.7,440.7,466.7,517.4,517.4,30,2,0
Amazon,Amazon Shipping Standard,RTO,11001,11500,299,338,396.5,419.9,465.4,465.4,30,2,0
Amazon,Amazon Shipping Standard,FWD,11501,12000,331.5,375.7,440.7,466.7,517.4,517.4,30,2,0
Amazon,Amazon Shipping Standard,RTO,11501,12000,299,338,396.5,419.9,465.4,465.4,30,2,0
Amazon,Amazon Shipping Standard,FWD,12001,12500,349.7,396.5,466.7,492.7,546,546,30,2,0
Amazon,Amazon Shipping Standard,RTO,12001,12500,314.6,357.5,419.9,443.3,491.4,491.4,30,2,0
Amazon,Amazon Shipping Standard,FWD,12501,13000,349.7,396.5,466.7,492.7,546,546,30,2,0
Amazon,Amazon Shipping Standard,RTO,12501,13000,314.6,357.5,419.9,443.3,491.4,491.4,30,2,0
Amazon,Amazon Shipping Standard,FWD,13001,13500,367.9,417.3,492.7,518.7,574.6,574.6,30,2,0
Amazon,Amazon Shipping Standard,RTO,13001,13500,331.5,375.7,443.3,466.7,517.4,517.4,30,2,0
Amazon,Amazon Shipping Standard,FWD,13501,14000,367.9,417.3,492.7,518.7,574.6,574.6,30,2,0
Amazon,Amazon Shipping Standard,RTO,13501,14000,331.5,375.7,443.3,466.7,517.4,517.4,30,2,0
Amazon,Amazon Shipping Standard,FWD,14001,14500,386.1,438.1,518.7,544.7,603.2,603.2,30,2,0
Amazon,Amazon Shipping Standard,RTO,14001,14500,347.1,393.9,466.7,490.1,543.4,543.4,30,2,0
Amazon,Amazon Shipping Standard,FWD,14501,15000,386.1,438.1,518.7,544.7,603.2,603.2,30,2,0
Amazon,Amazon Shipping Standard,RTO,14501,15000,347.1,393.9,466.7,490.1,543.4,543.4,30,2,0
Amazon,Amazon Shipping Standard,FWD,15001,15500,404.3,458.9,544.7,570.7,631.8,631.8,30,2,0
Amazon,Amazon Shipping Standard,RTO,15001,15500,364,413.4,490.1,513.5,568.1,568.1,30,2,0
Amazon,Amazon Shipping Standard,FWD,15501,16000,404.3,458.9,544.7,570.7,631.8,631.8,30,2,0
Amazon,Amazon Shipping Standard,RTO,15501,16000,364,413.4,490.1,513.5,568.1,568.1,30,2,0
Amazon,Amazon Shipping Standard,FWD,16001,16500,422.5,479.7,570.7,596.7,660.4,660.4,30,2,0
Amazon,Amazon Shipping Standard,RTO,16001,16500,380.9,431.6,513.5,536.9,594.1,594.1,30,2,0
Amazon,Amazon Shipping Standard,FWD,16501,17000,422.5,479.7,570.7,596.7,660.4,660.4,30,2,0
Amazon,Amazon Shipping Standard,RTO,16501,17000,380.9,431.6,513.5,536.9,594.1,594.1,30,2,0
Amazon,Amazon Shipping Standard,FWD,17001,17500,440.7,500.5,596.7,622.7,689,689,30,2,0
Amazon,Amazon Shipping Standard,RTO,17001,17500,396.5,451.1,536.9,560.3,620.1,620.1,30,2,0
Amazon,Amazon Shipping Standard,FWD,17501,18000,440.7,500.5,596.7,622.7,689,689,30,2,0
Amazon,Amazon Shipping Standard,RTO,17501,18000,396.5,451.1,536.9,560.3,620.1,620.1,30,2,0
Amazon,Amazon Shipping Standard,FWD,18001,18500,458.9,521.3,622.7,648.7,717.6,717.6,30,2,0
Amazon,Amazon Shipping Standard,RTO,18001,18500,413.4,469.3,560.3,583.7,646.1,646.1,30,2,0
Amazon,Amazon Shipping Standard,FWD,18501,19000,458.9,521.3,622.7,648.7,717.6,717.6,30,2,0
Amazon,Amazon Shipping Standard,RTO,18501,19000,413.4,469.3,560.3,583.7,646.1,646.1,30,2,0
Shadowfax Z,Shadowfax Z Surface 500G,FWD,0,500,28.6,31.2,35.1,41.6,52,52,30,2,14.28
Shadowfax Z,Shadowfax Z Surface 500G,RTO,0,500,22.88,24.96,28.08,33.28,41.6,41.6,30,2,14.28
Shadowfax Z,Shadowfax Z Surface 1KG,FWD,501,1000,45.5,50.7,57.2,66.3,93.6,93.6,30,2,14.28
Shadowfax Z,Shadowfax Z Surface 1KG,RTO,501,1000,36.4,40.56,45.76,53.04,74.88,74.88,30,2,14.28
Shadowfax Z,Shadowfax Z Surface 1KG ,FWD,+,1000,13,16.9,26,31.2,39,39,30,2,14.28
Shadowfax Z,Shadowfax Z Surface 1KG ,RTO,+,1000,10.4,13.52,20.8,24.96,31.2,31.2,30,2,14.28